Date of Observation;Value-Weighted Return-incl. dividends
31.12.1925;
30.01.1926;0,000561036
27.02.1926;-0,03304553
31.03.1926;-0,06400222
30.04.1926;0,03702872
28.05.1926;0,01209523
30.06.1926;0,05366369
31.07.1926;0,0314107
31.08.1926;0,02864728
30.09.1926;0,00578737
30.10.1926;-0,02899619
30.11.1926;0,02855394
31.12.1926;0,029211
31.01.1927;0,002416228
28.02.1927;0,0453701
31.03.1927;0,003756279
30.04.1927;0,007225051
31.05.1927;0,05777311
30.06.1927;-0,02108671
30.07.1927;0,07527909
31.08.1927;0,02249037
30.09.1927;0,04992352
31.10.1927;-0,0407699
30.11.1927;0,06845258
31.12.1927;0,02378212
31.01.1928;-0,003339723
29.02.1928;-0,01447756
31.03.1928;0,09047843
30.04.1928;0,04384581
31.05.1928;0,01769032
30.06.1928;-0,04524517
31.07.1928;0,009399799
31.08.1928;0,07020616
29.09.1928;0,03149783
31.10.1928;0,01922795
30.11.1928;0,1214999
31.12.1928;0,005557177
31.01.1929;0,05393473
28.02.1929;-0,000446139
28.03.1929;-0,007808392
30.04.1929;0,01717913
31.05.1929;-0,05992296
29.06.1929;0,1015726
31.07.1929;0,04595761
30.08.1929;0,08534303
30.09.1929;-0,05045466
31.10.1929;-0,1966836
27.11.1929;-0,1238121
31.12.1929;0,01639001
31.01.1930;0,05840661
28.02.1930;0,02824166
31.03.1930;0,07463142
30.04.1930;-0,0205411
29.05.1930;-0,01401008
30.06.1930;-0,1599798
31.07.1930;0,04196365
29.08.1930;0,003662904
30.09.1930;-0,1248049
31.10.1930;-0,08657879
29.11.1930;-0,02805652
31.12.1930;-0,07773924
31.01.1931;0,06378046
28.02.1931;0,1096945
31.03.1931;-0,06286591
30.04.1931;-0,100219
29.05.1931;-0,1338355
30.06.1931;0,1403397
31.07.1931;-0,06643803
31.08.1931;0,003078467
30.09.1931;-0,2917314
31.10.1931;0,08150863
30.11.1931;-0,08840158
31.12.1931;-0,134971
30.01.1932;-0,01053417
29.02.1932;0,05766299
31.03.1932;-0,1105994
30.04.1932;-0,1794166
31.05.1932;-0,2061978
30.06.1932;-0,004288574
30.07.1932;0,3406433
31.08.1932;0,3713877
30.09.1932;-0,02864889
31.10.1932;-0,1325531
30.11.1932;-0,05826015
31.12.1932;0,04522722
31.01.1933;0,009813348
28.02.1933;-0,1532038
31.03.1933;0,03310537
29.04.1933;0,3941433
31.05.1933;0,2132608
30.06.1933;0,1333642
31.07.1933;-0,09634148
31.08.1933;0,1212846
30.09.1933;-0,1058357
31.10.1933;-0,0836499
29.11.1933;0,09989588
30.12.1933;0,01787564
31.01.1934;0,1267794
28.02.1934;-0,0242871
31.03.1934;0,004425098
30.04.1934;-0,01834544
31.05.1934;-0,07227332
30.06.1934;0,02534446
31.07.1934;-0,1093633
31.08.1934;0,05704261
29.09.1934;-0,002361888
31.10.1934;-0,01889535
30.11.1934;0,08209548
31.12.1934;0,003554074
31.01.1935;-0,03341629
28.02.1935;-0,01946191
30.03.1935;-0,0360132
30.04.1935;0,09045231
31.05.1935;0,03456105
29.06.1935;0,05779622
31.07.1935;0,07416016
31.08.1935;0,02677315
30.09.1935;0,02607417
31.10.1935;0,06943941
30.11.1935;0,05287168
31.12.1935;0,04692622
31.01.1936;0,06955885
29.02.1936;0,02540242
31.03.1936;0,008253022
30.04.1936;-0,08148064
29.05.1936;0,05204289
30.06.1936;0,02467073
31.07.1936;0,06595436
31.08.1936;0,01095011
30.09.1936;0,01189897
31.10.1936;0,06998621
30.11.1936;0,03285445
31.12.1936;0,00279573
30.01.1937;0,0332575
27.02.1937;0,01311363
31.03.1937;-0,002732144
30.04.1937;-0,07541613
28.05.1937;-0,007054292
30.06.1937;-0,04174794
31.07.1937;0,08972497
31.08.1937;-0,04836485
30.09.1937;-0,1366226
30.10.1937;-0,09579819
30.11.1937;-0,08305319
31.12.1937;-0,04077352
31.01.1938;0,00677615
28.02.1938;0,05801302
31.03.1938;-0,2384162
30.04.1938;0,145963
31.05.1938;-0,03905327
30.06.1938;0,2379136
30.07.1938;0,07209713
31.08.1938;-0,02713935
30.09.1938;0,008912485
31.10.1938;0,07892665
30.11.1938;-0,0182064
31.12.1938;0,04191948
31.01.1939;-0,0603808
28.02.1939;0,03525531
31.03.1939;-0,1207268
29.04.1939;-0,001931715
31.05.1939;0,06897085
30.06.1939;-0,05362552
31.07.1939;0,1022428
31.08.1939;-0,06726375
30.09.1939;0,1618149
31.10.1939;-0,00419136
30.11.1939;-0,0371309
30.12.1939;0,0296858
31.01.1940;-0,0242149
29.02.1940;0,01475754
30.03.1940;0,01864297
30.04.1940;0,000837256
31.05.1940;-0,221112
29.06.1940;0,06685613
31.07.1940;0,03192315
31.08.1940;0,02429623
30.09.1940;0,02311811
31.10.1940;0,0301431
30.11.1940;-0,01675246
31.12.1940;0,006585705
31.01.1941;-0,04122673
28.02.1941;-0,01380112
31.03.1941;0,009514603
30.04.1941;-0,05401833
31.05.1941;0,01314046
30.06.1941;0,05849508
31.07.1941;0,05954285
30.08.1941;-0,001156274
30.09.1941;-0,007611061
31.10.1941;-0,05292592
29.11.1941;-0,02027067
31.12.1941;-0,04669163
31.01.1942;0,008978517
28.02.1942;-0,02365086
31.03.1942;-0,06514447
30.04.1942;-0,04358327
29.05.1942;0,06017389
30.06.1942;0,02577185
31.07.1942;0,03532647
31.08.1942;0,01840786
30.09.1942;0,0270694
31.10.1942;0,06908754
30.11.1942;0,001176534
31.12.1942;0,05128972
30.01.1943;0,07338221
27.02.1943;0,06047818
31.03.1943;0,06179447
30.04.1943;0,007333476
29.05.1943;0,05714205
30.06.1943;0,01735075
31.07.1943;-0,04775291
31.08.1943;0,0134443
30.09.1943;0,02407737
30.10.1943;-0,01157259
30.11.1943;-0,05990256
31.12.1943;0,06421655
31.01.1944;0,01803042
29.02.1944;0,003458829
31.03.1944;0,02476819
29.04.1944;-0,01648407
31.05.1944;0,05090894
30.06.1944;0,05684176
31.07.1944;-0,0151938
31.08.1944;0,01559742
30.09.1944;0,00045305
31.10.1944;0,002118638
30.11.1944;0,01666823
30.12.1944;0,04106975
31.01.1945;0,02021756
28.02.1945;0,06447703
31.03.1945;-0,03917724
30.04.1945;0,07823165
31.05.1945;0,01818529
30.06.1945;0,004676164
31.07.1945;-0,02206635
31.08.1945;0,0618262
29.09.1945;0,04829652
31.10.1945;0,03874934
30.11.1945;0,05485895
31.12.1945;0,01300259
31.01.1946;0,06340188
28.02.1946;-0,05825729
30.03.1946;0,0579414
30.04.1946;0,04229307
31.05.1946;0,0401952
28.06.1946;-0,03866839
31.07.1946;-0,02630898
30.08.1946;-0,06446838
30.09.1946;-0,1020226
31.10.1946;-0,01416352
30.11.1946;0,000696889
31.12.1946;0,0501611
31.01.1947;0,01308428
28.02.1947;-0,01109093
31.03.1947;-0,01679013
30.04.1947;-0,04769807
29.05.1947;-0,009624612
30.06.1947;0,05322647
31.07.1947;0,04134795
29.08.1947;-0,01735736
30.09.1947;-0,00466713
31.10.1947;0,02483112
29.11.1947;-0,01874959
31.12.1947;0,03070795
31.01.1948;-0,03790801
28.02.1948;-0,04342223
31.03.1948;0,08262763
30.04.1948;0,03812801
28.05.1948;0,07431936
30.06.1948;-0,000279898
30.07.1948;-0,05028754
31.08.1948;0,003762302
30.09.1948;-0,02981309
30.10.1948;0,06031576
30.11.1948;-0,09207732
31.12.1948;0,03256602
31.01.1949;0,00307437
28.02.1949;-0,02885193
31.03.1949;0,04153747
30.04.1949;-0,01797221
31.05.1949;-0,02848772
30.06.1949;0,002180482
29.07.1949;0,05637717
31.08.1949;0,02691613
30.09.1949;0,03208201
31.10.1949;0,03180142
30.11.1949;0,01853478
31.12.1949;0,05226684
31.01.1950;0,01776387
28.02.1950;0,01523364
31.03.1950;0,01274167
29.04.1950;0,04067758
31.05.1950;0,04417265
30.06.1950;-0,0580182
31.07.1950;0,01612194
31.08.1950;0,05087451
29.09.1950;0,0490439
31.10.1950;-0,001184262
30.11.1950;0,02905564
30.12.1950;0,05794587
31.01.1951;0,05873524
28.02.1951;0,01408586
31.03.1951;-0,02111456
30.04.1951;0,05006079
31.05.1951;-0,02246361
29.06.1951;-0,02553251
31.07.1951;0,07161052
31.08.1951;0,0450037
28.09.1951;0,009086545
31.10.1951;-0,02262877
30.11.1951;0,00619348
31.12.1951;0,03526568
31.01.1952;0,01700245
29.02.1952;-0,02514076
31.03.1952;0,04586996
30.04.1952;-0,04914772
29.05.1952;0,03284694
30.06.1952;0,03957465
31.07.1952;0,01140411
29.08.1952;-0,006732553
30.09.1952;-0,0191469
31.10.1952;-0,005309009
28.11.1952;0,05934718
31.12.1952;0,03106571
30.01.1953;-0,001644253
27.02.1953;-0,001820268
31.03.1953;-0,01286202
30.04.1953;-0,02770464
29.05.1953;0,006921144
30.06.1953;-0,01637693
31.07.1953;0,02511135
31.08.1953;-0,04405621
30.09.1953;0,003009872
30.10.1953;0,04752312
30.11.1953;0,02850134
31.12.1953;0,000678271
29.01.1954;0,05272153
26.02.1954;0,01755125
31.03.1954;0,0373766
30.04.1954;0,04316166
28.05.1954;0,0317037
30.06.1954;0,01155965
30.07.1954;0,05066832
31.08.1954;-0,02276267
30.09.1954;0,06463256
29.10.1954;-0,0162159
30.11.1954;0,09538717
31.12.1954;0,05546865
31.01.1955;0,006837672
28.02.1955;0,03135416
31.03.1955;-0,000994503
29.04.1955;0,03235196
31.05.1955;0,01203341
30.06.1955;0,06610822
29.07.1955;0,02024557
31.08.1955;0,004196894
30.09.1955;-0,00200948
31.10.1955;-0,02575151
30.11.1955;0,07186419
30.12.1955;0,01654255
31.01.1956;-0,02811947
29.02.1956;0,03960966
29.03.1956;0,06845615
30.04.1956;0,005083206
31.05.1956;-0,04930901
29.06.1956;0,0372509
31.07.1956;0,05082991
31.08.1956;-0,0298204
28.09.1956;-0,04960825
31.10.1956;0,007291722
30.11.1956;0,004677877
31.12.1956;0,03495719
31.01.1957;-0,03212142
28.02.1957;-0,01870262
29.03.1957;0,02411172
30.04.1957;0,04517923
31.05.1957;0,03667944
28.06.1957;-0,005054421
31.07.1957;0,008937786
30.08.1957;-0,05005114
30.09.1957;-0,05758639
31.10.1957;-0,04125081
29.11.1957;0,02560463
31.12.1957;-0,03736046
31.01.1958;0,04959513
28.02.1958;-0,01425682
31.03.1958;0,03369981
30.04.1958;0,03083256
29.05.1958;0,02458158
30.06.1958;0,02949272
31.07.1958;0,04484433
29.08.1958;0,01918109
30.09.1958;0,04868042
31.10.1958;0,02718404
28.11.1958;0,03061017
31.12.1958;0,05309946
30.01.1959;0,009120074
27.02.1959;0,01121954
31.03.1959;0,004669121
30.04.1959;0,03789878
29.05.1959;0,01959489
30.06.1959;0,000676478
31.07.1959;0,03436159
31.08.1959;-0,01244558
30.09.1959;-0,04497696
30.10.1959;0,01574567
30.11.1959;0,01855666
31.12.1959;0,02804312
29.01.1960;-0,06624392
29.02.1960;0,01441908
31.03.1960;-0,01282217
29.04.1960;-0,01527067
31.05.1960;0,03409799
30.06.1960;0,0228328
29.07.1960;-0,02270468
31.08.1960;0,03221498
30.09.1960;-0,05867334
31.10.1960;-0,004704664
30.11.1960;0,0486173
30.12.1960;0,04853724
31.01.1961;0,0639524
28.02.1961;0,03700465
30.03.1961;0,03060992
28.04.1961;0,005644733
31.05.1961;0,02589407
30.06.1961;-0,02849906
31.07.1961;0,02995465
31.08.1961;0,02685441
29.09.1961;-0,01999036
31.10.1961;0,02733113
30.11.1961;0,04545113
29.12.1961;0,000712951
31.01.1962;-0,03614699
28.02.1962;0,01951236
30.03.1962;-0,004687611
30.04.1962;-0,06343471
31.05.1962;-0,08461992
29.06.1962;-0,08261504
31.07.1962;0,06543834
31.08.1962;0,02341668
28.09.1962;-0,05015767
31.10.1962;0,002187635
30.11.1962;0,1101369
31.12.1962;0,01186515
31.01.1963;0,05184823
28.02.1963;-0,02193106
29.03.1963;0,03291728
30.04.1963;0,04743851
31.05.1963;0,02005139
28.06.1963;-0,01803049
31.07.1963;-0,001717494
30.08.1963;0,05268367
30.09.1963;-0,01189808
31.10.1963;0,0277083
29.11.1963;-0,005548968
31.12.1963;0,0217365
31.01.1964;0,02579008
28.02.1964;0,0172073
31.03.1964;0,01763623
30.04.1964;0,004607358
28.05.1964;0,01740315
30.06.1964;0,01507987
31.07.1964;0,02011832
31.08.1964;-0,01126617
30.09.1964;0,03048012
30.10.1964;0,008869302
30.11.1964;0,003089569
31.12.1964;0,003689846
29.01.1965;0,03864574
26.02.1965;0,006945935
31.03.1965;-0,00971524
30.04.1965;0,03365218
28.05.1965;-0,004350524
30.06.1965;-0,05186835
30.07.1965;0,0167595
31.08.1965;0,03088298
30.09.1965;0,03195219
29.10.1965;0,02927143
30.11.1965;0,003064989
31.12.1965;0,01354478
31.01.1966;0,01212212
28.02.1966;-0,008620886
31.03.1966;-0,02092299
29.04.1966;0,02483704
31.05.1966;-0,05253842
30.06.1966;-0,01031711
29.07.1966;-0,01287017
31.08.1966;-0,07538751
30.09.1966;-0,006958398
31.10.1966;0,04229431
30.11.1966;0,01751626
30.12.1966;0,006210231
31.01.1967;0,08552963
28.02.1967;0,01094501
31.03.1967;0,043384
28.04.1967;0,04160865
31.05.1967;-0,0392931
30.06.1967;0,02690233
31.07.1967;0,04918982
31.08.1967;-0,006282029
29.09.1967;0,03428565
31.10.1967;-0,02743284
30.11.1967;0,007901721
29.12.1967;0,03369884
31.01.1968;-0,03633116
29.02.1968;-0,03362382
29.03.1968;0,005116762
30.04.1968;0,09414785
31.05.1968;0,02703952
28.06.1968;0,01152727
30.07.1968;-0,02202376
30.08.1968;0,01803673
30.09.1968;0,04445384
31.10.1968;0,009041496
29.11.1968;0,05850088
31.12.1968;-0,0338729
31.01.1969;-0,006711428
28.02.1969;-0,05364063
28.03.1969;0,03050514
30.04.1969;0,02052654
29.05.1969;0,005039936
30.06.1969;-0,06738772
31.07.1969;-0,06517118
29.08.1969;0,05149065
30.09.1969;-0,02258974
31.10.1969;0,05563746
28.11.1969;-0,03216361
31.12.1969;-0,01968027
30.01.1970;-0,07325433
27.02.1970;0,05670619
31.03.1970;-0,004729048
30.04.1970;-0,105318
29.05.1970;-0,06434612
30.06.1970;-0,05106708
31.07.1970;0,07416985
31.08.1970;0,05003595
30.09.1970;0,0475351
30.10.1970;-0,01820759
30.11.1970;0,05044846
31.12.1970;0,06072307
29.01.1971;0,0520295
26.02.1971;0,01691251
31.03.1971;0,04477762
30.04.1971;0,03333244
28.05.1971;-0,03640871
30.06.1971;0,003119315
30.07.1971;-0,04028279
31.08.1971;0,04251106
30.09.1971;-0,005015686
29.10.1971;-0,04068255
30.11.1971;-0,001262096
31.12.1971;0,09125689
31.01.1972;0,02838215
29.02.1972;0,03134872
30.03.1972;0,008722727
28.04.1972;0,005505264
31.05.1972;0,01637547
30.06.1972;-0,0208965
31.07.1972;-0,004253696
31.08.1972;0,03596625
29.09.1972;-0,007670341
31.10.1972;0,008675791
30.11.1972;0,0497637
29.12.1972;0,01124341
31.01.1973;-0,02745415
28.02.1973;-0,04436952
30.03.1973;-0,007857176
30.04.1973;-0,05176934
31.05.1973;-0,02450797
29.06.1973;-0,008647891
31.07.1973;0,05696059
31.08.1973;-0,02965693
28.09.1973;0,05393126
31.10.1973;-0,000415107
30.11.1973;-0,1207133
31.12.1973;0,01143655
31.01.1974;0,004412671
28.02.1974;0,002345074
29.03.1974;-0,02336402
30.04.1974;-0,04596092
31.05.1974;-0,04198143
28.06.1974;-0,02294237
31.07.1974;-0,07087424
30.08.1974;-0,08775712
30.09.1974;-0,1097183
31.10.1974;0,1655841
29.11.1974;-0,04104609
31.12.1974;-0,02700542
31.01.1975;0,1415995
28.02.1975;0,05841169
31.03.1975;0,03019048
30.04.1975;0,04649667
30.05.1975;0,05513955
30.06.1975;0,05147332
31.07.1975;-0,06038471
29.08.1975;-0,0235575
30.09.1975;-0,03800991
31.10.1975;0,0558566
28.11.1975;0,0312216
31.12.1975;-0,01099771
30.01.1976;0,1260122
27.02.1976;0,007309603
31.03.1976;0,02674025
30.04.1976;-0,01040186
28.05.1976;-0,009325603
30.06.1976;0,04452101
30.07.1976;-0,00613619
31.08.1976;-0,001397962
30.09.1976;0,02451259
29.10.1976;-0,0203717
30.11.1976;0,005363398
31.12.1976;0,06159101
31.01.1977;-0,03632604
28.02.1977;-0,01574441
31.03.1977;-0,009248591
29.04.1977;0,004962074
31.05.1977;-0,010777
30.06.1977;0,05136869
29.07.1977;-0,01280639
31.08.1977;-0,0133381
30.09.1977;0,001571887
31.10.1977;-0,03927758
30.11.1977;0,0454397
30.12.1977;0,00822271
31.01.1978;-0,05519891
28.02.1978;-0,009274694
31.03.1978;0,03400927
28.04.1978;0,08285323
31.05.1978;0,02322997
30.06.1978;-0,01074848
31.07.1978;0,05674101
31.08.1978;0,04237023
29.09.1978;-0,006888612
31.10.1978;-0,1109954
30.11.1978;0,03378727
29.12.1978;0,01770776
31.01.1979;0,0495299
28.02.1979;-0,02676539
30.03.1979;0,06561343
30.04.1979;0,008519717
31.05.1979;-0,0135714
29.06.1979;0,04685158
31.07.1979;0,0149913
31.08.1979;0,06473161
28.09.1979;0,001426022
31.10.1979;-0,07266193
30.11.1979;0,06360385
31.12.1979;0,0282146
31.01.1980;0,06560711
29.02.1980;0,001014548
31.03.1980;-0,1202242
30.04.1980;0,05228721
30.05.1980;0,06009049
30.06.1980;0,03771436
31.07.1980;0,06943817
29.08.1980;0,0235535
30.09.1980;0,02949784
31.10.1980;0,02009481
28.11.1980;0,1049521
31.12.1980;-0,03441059
30.01.1981;-0,04008484
27.02.1981;0,01551936
31.03.1981;0,04618289
30.04.1981;-0,01126625
29.05.1981;0,01354637
30.06.1981;-0,01024274
31.07.1981;-0,003079483
31.08.1981;-0,05628101
30.09.1981;-0,06377578
30.10.1981;0,06016215
30.11.1981;0,04584814
31.12.1981;-0,02809599
29.01.1982;-0,02620859
26.02.1982;-0,05112622
31.03.1982;-0,01010141
30.04.1982;0,04326891
28.05.1982;-0,02821291
30.06.1982;-0,0239132
30.07.1982;-0,02052549
31.08.1982;0,1190159
30.09.1982;0,01676568
29.10.1982;0,1186322
30.11.1982;0,05194144
31.12.1982;0,01450987
31.01.1983;0,04184372
28.02.1983;0,03021478
31.03.1983;0,03467751
29.04.1983;0,07418492
31.05.1983;0,01322526
30.06.1983;0,0378373
29.07.1983;-0,03156984
31.08.1983;0,003465299
30.09.1983;0,01602687
31.10.1983;-0,02803828
30.11.1983;0,02955592
30.12.1983;-0,01046383
31.01.1984;-0,01302517
29.02.1984;-0,03907293
30.03.1984;0,0133896
30.04.1984;0,002537513
31.05.1984;-0,05231956
29.06.1984;0,02338386
31.07.1984;-0,02062318
31.08.1984;0,1126908
28.09.1984;0,000403445
31.10.1984;-7,31223E-05
30.11.1984;-0,01068512
31.12.1984;0,02365304
31.01.1985;0,08571907
28.02.1985;0,01689766
29.03.1985;-0,001746759
30.04.1985;-0,002186514
31.05.1985;0,05577431
28.06.1985;0,01709094
31.07.1985;-0,0002511
30.08.1985;-0,004794401
30.09.1985;-0,03982587
31.10.1985;0,04444109
29.11.1985;0,06922843
31.12.1985;0,04306149
31.01.1986;0,009830249
28.02.1986;0,07250131
31.03.1986;0,05388683
30.04.1986;-0,007903121
30.05.1986;0,05084652
30.06.1986;0,01424398
31.07.1986;-0,05970013
29.08.1986;0,06618293
30.09.1986;-0,07901992
31.10.1986;0,04930472
28.11.1986;0,01509305
31.12.1986;-0,02638714
30.01.1987;0,1284987
27.02.1987;0,04792182
31.03.1987;0,02366445
30.04.1987;-0,01699554
29.05.1987;0,005122664
30.06.1987;0,04365455
31.07.1987;0,04424724
31.08.1987;0,0371465
30.09.1987;-0,02077283
30.10.1987;-0,2253613
30.11.1987;-0,07227181
31.12.1987;0,07032388
29.01.1988;0,04487472
29.02.1988;0,05169127
31.03.1988;-0,01659768
29.04.1988;0,01099253
31.05.1988;0,000447309
30.06.1988;0,05145697
29.07.1988;-0,007272285
31.08.1988;-0,02800578
30.09.1988;0,03720373
31.10.1988;0,01764535
30.11.1988;-0,01641086
30.12.1988;0,02107066
31.01.1989;0,06610128
28.02.1989;-0,01644182
31.03.1989;0,02146452
28.04.1989;0,04820698
31.05.1989;0,03933567
30.06.1989;-0,004855535
31.07.1989;0,07712836
31.08.1989;0,022126
29.09.1989;-0,001473332
31.10.1989;-0,02928516
30.11.1989;0,01781615
29.12.1989;0,01829401
31.01.1990;-0,07011361
28.02.1990;0,01489994
30.03.1990;0,02414776
30.04.1990;-0,02828306
31.05.1990;0,0889347
29.06.1990;-0,004192862
31.07.1990;-0,009391909
31.08.1990;-0,0919028
28.09.1990;-0,05384421
31.10.1990;-0,01249875
30.11.1990;0,06574162
31.12.1990;0,02951084
31.01.1991;0,04908338
28.02.1991;0,07584751
28.03.1991;0,02892205
30.04.1991;0,003310802
31.05.1991;0,04073652
28.06.1991;-0,04402354
31.07.1991;0,04677859
30.08.1991;0,02680678
30.09.1991;-0,01097861
31.10.1991;0,017847
29.11.1991;-0,03729085
31.12.1991;0,1067822
31.01.1992;-0,001163548
28.02.1992;0,01335521
31.03.1992;-0,02369942
30.04.1992;0,01341432
29.05.1992;0,006407138
30.06.1992;-0,0192581
31.07.1992;0,03989972
31.08.1992;-0,02081892
30.09.1992;0,01246087
30.10.1992;0,01098284
30.11.1992;0,04018138
31.12.1992;0,01773988
29.01.1993;0,01261561
26.02.1993;0,005425406
31.03.1993;0,02508918
30.04.1993;-0,02539078
28.05.1993;0,02957208
30.06.1993;0,005434345
30.07.1993;-0,000806053
31.08.1993;0,03949608
30.09.1993;0,00062873
29.10.1993;0,01805087
30.11.1993;-0,01760046
31.12.1993;0,01955422
31.01.1994;0,03145912
28.02.1994;-0,02420685
31.03.1994;-0,04579461
29.04.1994;0,009494642
31.05.1994;0,009352694
30.06.1994;-0,02788023
29.07.1994;0,03065685
31.08.1994;0,04262911
30.09.1994;-0,01833769
31.10.1994;0,01452095
30.11.1994;-0,03720637
30.12.1994;0,01258029
31.01.1995;0,02035284
28.02.1995;0,03964723
31.03.1995;0,02706417
28.04.1995;0,02504814
31.05.1995;0,03390857
30.06.1995;0,03114183
31.07.1995;0,04080114
31.08.1995;0,009299567
29.09.1995;0,0363538
31.10.1995;-0,01133864
30.11.1995;0,04277108
29.12.1995;0,0151922
31.01.1996;0,02812132
29.02.1996;0,01635263
29.03.1996;0,01091408
30.04.1996;0,02555989
31.05.1996;0,02681042
28.06.1996;-0,008289339
31.07.1996;-0,05385131
30.08.1996;0,03245126
30.09.1996;0,05298465
31.10.1996;0,01367287
29.11.1996;0,06559445
31.12.1996;-0,01138069
31.01.1997;0,05347315
28.02.1997;-0,001067177
31.03.1997;-0,04488869
30.04.1997;0,04239622
30.05.1997;0,07163975
30.06.1997;0,04408094
31.07.1997;0,07651265
29.08.1997;-0,03632338
30.09.1997;0,05845334
31.10.1997;-0,03443276
28.11.1997;0,0303537
31.12.1997;0,01782156
30.01.1998;0,004511318
27.02.1998;0,07332072
31.03.1998;0,05127261
30.04.1998;0,01092424
29.05.1998;-0,02574616
30.06.1998;0,03183892
31.07.1998;-0,02337719
31.08.1998;-0,1578597
30.09.1998;0,06381392
30.10.1998;0,0744056
30.11.1998;0,06200107
31.12.1998;0,063058
29.01.1999;0,03844676
26.02.1999;-0,03808261
31.03.1999;0,03792547
30.04.1999;0,04909202
28.05.1999;-0,02070776
30.06.1999;0,05082348
30.07.1999;-0,03083348
31.08.1999;-0,009918442
30.09.1999;-0,02266901
29.10.1999;0,06210727
30.11.1999;0,03682224
31.12.1999;0,08374451
31.01.2000;-0,03962196
29.02.2000;0,03176028
31.03.2000;0,05349902
28.04.2000;-0,05951859
31.05.2000;-0,03886261
30.06.2000;0,05157642
31.07.2000;-0,01767925
31.08.2000;0,07498378
29.09.2000;-0,05115439
31.10.2000;-0,02448012
30.11.2000;-0,1023654
29.12.2000;0,02044955
31.01.2001;0,03957307
28.02.2001;-0,09908441
30.03.2001;-0,07040808
30.04.2001;0,08383428
31.05.2001;0,01044186
29.06.2001;-0,01756081
31.07.2001;-0,0182836
31.08.2001;-0,05897984
28.09.2001;-0,09149703
31.10.2001;0,02784657
30.11.2001;0,07878883
31.12.2001;0,01785354
31.01.2002;-0,01596615
28.02.2002;-0,02169973
28.03.2002;0,04469836
30.04.2002;-0,04960013
31.05.2002;-0,01050955
28.06.2002;-0,07025918
31.07.2002;-0,08112463
30.08.2002;0,007948902
30.09.2002;-0,09992281
31.10.2002;0,07493966
29.11.2002;0,06128161
31.12.2002;-0,05333441
31.01.2003;-0,02336659
28.02.2003;-0,01541721
31.03.2003;0,01032112
30.04.2003;0,08276761
30.05.2003;0,06347126
30.06.2003;0,01634584
31.07.2003;0,02311219
29.08.2003;0,02496536
30.09.2003;-0,009120235
31.10.2003;0,06036079
28.11.2003;0,0165941
31.12.2003;0,04547639
30.01.2004;0,02304194
27.02.2004;0,01544306
31.03.2004;-0,01066161
30.04.2004;-0,02422193
28.05.2004;0,01406833
30.06.2004;0,02161092
30.07.2004;-0,03769767
31.08.2004;0,002702883
30.09.2004;0,02055616
29.10.2004;0,01780559
30.11.2004;0,04821379
31.12.2004;0,03516972
31.01.2005;-0,02654589
28.02.2005;0,0226461
31.03.2005;-0,01694364
29.04.2005;-0,02520629
31.05.2005;0,037954
30.06.2005;0,01152899
29.07.2005;0,04335747
31.08.2005;-0,005958293
30.09.2005;0,01059976
31.10.2005;-0,02086558
30.11.2005;0,04032636
30.12.2005;0,003457628
31.01.2006;0,04007189
28.02.2006;-0,001638828
31.03.2006;0,01906455
28.04.2006;0,01300004
31.05.2006;-0,03103197
30.06.2006;-0,00039055
31.07.2006;-0,001911548
31.08.2006;0,02504146
29.09.2006;0,01942518
31.10.2006;0,03715301
30.11.2006;0,02373648
29.12.2006;0,01085692
31.01.2007;0,0193868
28.02.2007;-0,014006
30.03.2007;0,01295354
30.04.2007;0,03983381
31.05.2007;0,03895336
29.06.2007;-0,014747
31.07.2007;-0,03178957
31.08.2007;0,01159279
28.09.2007;0,04082203
31.10.2007;0,02591044
30.11.2007;-0,04936184
31.12.2007;-0,004405197
31.01.2008;-0,06221771
29.02.2008;-0,02169688
31.03.2008;-0,01044434
30.04.2008;0,05119902
30.05.2008;0,02393505
30.06.2008;-0,07843585
31.07.2008;-0,01341312
29.08.2008;0,01059709
30.09.2008;-0,09817162
31.10.2008;-0,1848333
28.11.2008;-0,08468071
31.12.2008;0,02223226
30.01.2009;-0,07747075
27.02.2009;-0,100166
31.03.2009;0,08680325
30.04.2009;0,1094663
29.05.2009;0,06778672
30.06.2009;-0,003018837
31.07.2009;0,0817797
31.08.2009;0,0315102
30.09.2009;0,04528079
30.10.2009;-0,02807201
30.11.2009;0,05707459
31.12.2009;0,02847517
29.01.2010;-0,03717235
26.02.2010;0,03474387
31.03.2010;0,06366803
30.04.2010;0,02003624
28.05.2010;-0,07923969
30.06.2010;-0,05077973
30.07.2010;0,0703599
31.08.2010;-0,04286375
30.09.2010;0,09162777
29.10.2010;0,03859146
30.11.2010;0,005116644
31.12.2010;0,06718174
31.01.2011;0,01918334
28.02.2011;0,03815552
31.03.2011;0,003340838
29.04.2011;0,02859679
31.05.2011;-0,01494771
30.06.2011;-0,01844716
29.07.2011;-0,0225342
31.08.2011;-0,05756398
30.09.2011;-0,0849827
31.10.2011;0,1141459
30.11.2011;-0,006270024
30.12.2011;0,003675778
31.01.2012;0,05410639
29.02.2012;0,04122525
30.03.2012;0,02402032
30.04.2012;-0,006828595
31.05.2012;-0,06559022
29.06.2012;0,03815087
31.07.2012;0,01030725
31.08.2012;0,02631677
28.09.2012;0,02651327
31.10.2012;-0,0140545
30.11.2012;0,006216758
31.12.2012;0,01256859
31.01.2013;0,0541421
28.02.2013;0,008282192
28.03.2013;0,03529461
30.04.2013;0,01493866
31.05.2013;0,01912778
28.06.2013;-0,01507222
31.07.2013;0,05265804
30.08.2013;-0,02575004
30.09.2013;0,03749721
31.10.2013;0,03988853
29.11.2013;0,02495637
31.12.2013;0,02613988
31.01.2014;-0,03001971
28.02.2014;0,04619832
31.03.2014;0,004540291
30.04.2014;0,001573208
30.05.2014;0,02025402
30.06.2014;0,02797293
31.07.2014;-0,02055493
29.08.2014;0,04020539
30.09.2014;-0,02519575
31.10.2014;0,02116392
28.11.2014;0,02110401
31.12.2014;-0,003659041
30.01.2015;-0,0271631
27.02.2015;0,05591532
31.03.2015;-0,01039692
30.04.2015;0,008766011
29.05.2015;0,01027741
30.06.2015;-0,01923101
31.07.2015;0,01210751
31.08.2015;-0,05992642
30.09.2015;-0,03375591
30.10.2015;0,07393721
30.11.2015;0,002404462
31.12.2015;-0,02220932
29.01.2016;-0,05708457
29.02.2016;0,000620288
31.03.2016;0,0704914
29.04.2016;0,0117175
31.05.2016;0,01433951
30.06.2016;0,002946602
29.07.2016;0,03881466
31.08.2016;0,002800222
30.09.2016;0,003013442
31.10.2016;-0,02154373
30.11.2016;0,04048759
30.12.2016;0,01876276
31.01.2017;0,02215333
28.02.2017;0,03259838
31.03.2017;0,002061818
28.04.2017;0,009655031
31.05.2017;0,009334804
30.06.2017;0,009570691
31.07.2017;0,02027744
31.08.2017;0,001600331
29.09.2017;0,02372905
31.10.2017;0,0192748
30.11.2017;0,02723145
29.12.2017;0,01212235
31.01.2018;0,05057655
28.02.2018;-0,0394545
29.03.2018;-0,018421
30.04.2018;0,004678835
31.05.2018;0,02614564
29.06.2018;0,005359479
31.07.2018;0,03157314
31.08.2018;0,03023302
28.09.2018;0,00042462
31.10.2018;-0,07404538
30.11.2018;0,01851214
31.12.2018;-0,08989006
31.01.2019;0,08829391
28.02.2019;0,03272421
29.03.2019;0,01296229
30.04.2019;0,03789327
31.05.2019;-0,06167856
28.06.2019;0,06727886
31.07.2019;0,01185439
30.08.2019;-0,02033936
30.09.2019;0,01603304
31.10.2019;0,01925709
29.11.2019;0,03499901
31.12.2019;0,02848878
31.01.2020;-0,001727854
28.02.2020;-0,07791799
31.03.2020;-0,1417327
30.04.2020;0,1296738
29.05.2020;0,05373875
30.06.2020;0,02529909
31.07.2020;0,05553149
31.08.2020;0,0684422
30.09.2020;-0,03505599
30.10.2020;-0,02017831
30.11.2020;0,123707
31.12.2020;0,0450483
29.01.2021;-0,000631127
26.02.2021;0,02919625
31.03.2021;0,0305733
30.04.2021;0,04819019
28.05.2021;0,007091862
30.06.2021;0,0234218
30.07.2021;0,0118278
31.08.2021;0,02714637
30.09.2021;-0,0422434
29.10.2021;0,06465051
30.11.2021;-0,01835049
31.12.2021;0,03334123
31.01.2022;-0,05982246
28.02.2022;-0,02183775
31.03.2022;0,03050572
29.04.2022;-0,08938684
31.05.2022;-0,002112941
30.06.2022;-0,0839975
29.07.2022;0,09035075
31.08.2022;-0,03623306
30.09.2022;-0,091323
31.10.2022;0,07739363
30.11.2022;0,05235392
30.12.2022;-0,05711946
31.01.2023;0,07182328
28.02.2023;-0,02466604
31.03.2023;0,02394981
28.04.2023;0,008975723
31.05.2023;0,000707988
30.06.2023;0,06618283
31.07.2023;0,03562433
31.08.2023;-0,02060537
29.09.2023;-0,04738989
31.10.2023;-0,02886712
30.11.2023;0,09205732
29.12.2023;0,05346765
